auc_roc,accuracy,n_train,n_test
0.4886006498950876,0.5111085661933119,26219,8732
