auc_roc,accuracy,n_train,n_test
0.4979474792490996,0.49845449341728676,26219,8735
