auc_roc,accuracy,n_train,n_test
0.5681432903382537,0.6150412087912088,34919,8736
