metric,value
auc_roc,0.5472218191190168
accuracy,0.5232970807097882
n_train,26277
n_test,8735
